Origin_agg,mean_enc
IAH,9.050345202906747
EWR,11.664694280078896
LAS,9.328255875173504
Other,7.982292083565754
DEN,8.473541639387195
SEA,7.973934413020707
PHX,8.683139616169713
DFW,9.396777865515368
SFO,10.6014939459047
ATL,9.925471676999171
ORD,15.675993509819032
DTW,12.242636191427799
LAX,7.785651906472362
MSP,8.088316521169284
