Model_agg,mean_enc
737-524,7.3156325671383895
A320-232,9.767034170560748
EMB-145LR,15.259315982616133
757-232,6.837339368757052
MD-88,6.808310755835898
737-7H4,5.403325828276179
737-322,11.438015075577724
757-222,9.753184894269625
Other,8.96066618495151
737-3H4,11.118153989485593
DC-9-82(MD-82),8.98002063835874
CL-600-2B19,11.312338758071713
