Model,RMSE,MAE,R2
LinearReg,12.95512856589904,7.660561183703956,0.8752649665202112
RandomForest,16.797479231480164,9.863289490273456,0.7903025163368811
