Dest_agg,mean_enc
IAH,7.697414567383773
EWR,15.768378769214289
LAS,9.367857866326665
Other,8.726239210529743
DEN,6.671995688880905
SEA,9.521523958095187
PHX,7.219553583083148
DFW,6.8114287483807034
SFO,14.164711200401808
ATL,8.974253931238774
ORD,15.767410172386494
DTW,4.829796783183208
LAX,7.932018227878917
MSP,3.5673563595463493
