Origin_aggregated,mean_target
PHX,4.5986793971319875
ATL,11.008809490051515
Other,9.615671498058221
DFW,12.756990038487661
EWR,16.384434529375618
LAX,7.525533906531687
DEN,9.390942488377386
LAS,7.276703859753129
SLC,6.4207605936085015
MCO,8.849315068493151
ORD,22.37649377284341
IAH,11.381925036988328
